code,exchange,element,structure,E0,E0_err,V0,V0_err,B,B_err,BP,BP_err
VASP,PBE,Y,hcp,-6.433244523271282,1.41474167162336e-05,32.781415081266395,0.0011275056656288099,41.57873498905992,0.07637368652998153,2.50052243041414,0.0309900288586055
VASP,PBE,Pt,fcc,-6.0966624635306,7.22885919350871e-05,15.6149851279704,0.00244992237112272,249.40051040023837,1.126358379085466,5.26890916532544,0.483701019021576
VASP,PBE,Co,fcc,-6.837963506199468,9.53918642344353e-05,10.264770845067401,0.00321091937339232,253.39551030766083,2.247163342264164,4.81981111104837,0.99626289639416
VASP,PBE,Mo,bcc,-10.9494209145368,1.5006121226267599e-05,15.6397580876072,0.00047738806453046396,268.4985868064042,0.23272968884406614,4.29698632026258,0.0958532506612093
VASP,PBE,Ta,fcc,-11.6132280706973,3.4223181736497305e-05,18.6548722588117,0.0014697154396059301,198.66073390288784,0.45688486564391,3.7764993372179,0.243875376523321
VASP,PBE,Ir,bcc,-8.20947533442433,1.5911514697487302e-05,15.063892844879902,0.000226112715448679,309.32915368182574,0.25921231755984314,5.08817718749995,0.0307215687765504
VASP,PBE,Os,bcc,-10.361804597465,5.63573597509812e-05,14.7784012504981,0.00134052420680891,358.4262978096002,0.9231710417541352,4.95738748327232,0.28844475647626
VASP,PBE,Mn,hcp,-8.927829480682679,2.62732512590284e-05,10.641469162840698,0.0007947565206986862,282.93999419291094,0.5983489678563041,4.46042736626214,0.23334656767358
VASP,PBE,Re,fcc,-12.3634231629002,6.628398467562282e-05,14.983684350583301,0.0015174892425371196,371.0668455672541,1.0694505311868336,4.59116671037663,0.31256529338261
VASP,PBE,Cu,fcc,-3.72772527275145,2.93438000889663e-05,12.0011486726744,0.00178604372522951,137.58657863449102,0.5839711887382576,6.7727932563364295,0.573578575160258
VASP,PBE,Mn,bcc,-8.814675647914633,3.3580492274806e-05,10.7066313607345,0.00101202566904204,280.6793004867469,0.7513269131575379,4.6445755408137,0.290008318406707
VASP,PBE,V,fcc,-8.68320092152966,1.05404630396288e-05,13.663170282330599,0.000494502187908786,181.23647996211517,0.1847439653614755,3.9861639577033103,0.112191700964901
VASP,PBE,Ti,fcc,-7.705880358897718,7.910301676630141e-06,17.103749702597,0.000596782938968678,113.29259433837956,0.11312394306933413,3.6095502343395,0.10763517308805097
VASP,PBE,Pt,hcp,-6.03937005073886,0.000124127640450008,15.7267599322701,0.00432750139807942,244.97000432068236,1.9193563959576223,5.530792343535169,0.8756570322628928
VASP,PBE,Pt,bcc,-6.000455148820982,4.61064136546436e-05,15.8045236281958,0.0016322038584865,239.19540424490341,0.7092621480220568,5.471259319149469,0.327929894200765
VASP,PBE,Hf,hcp,-19.915925949818803,5.05057059323817e-05,44.550186197902,0.0037870006772471798,113.71417688050934,0.28159829744990017,3.39224108970332,0.262509468363704
VASP,PBE,V,hcp,-8.68276026687867,2.51504004947828e-05,13.6026926691552,0.00121099264937326,177.53974698553958,0.4483874165621889,3.9826207530867896,0.280628854585892
VASP,PBE,Ti,hcp,-7.775720289497,3.379452171976911e-05,16.854696507786098,0.00229448628725887,116.90086182978932,0.4869831696365049,3.0732739998113296,0.41187030245143
VASP,PBE,Ir,fcc,-8.84850044261423,9.421060901805e-05,14.5192480473362,0.00229951934595285,349.3762299819005,1.5707972772031569,5.16001432316735,0.498214071742497
VASP,PBE,Co,bcc,-6.59436539936216,5.9068478803901e-05,10.4940077637604,0.0020749027750248607,238.29195261378499,1.351818032961951,4.29107658582058,0.605328975287463
VASP,PBE,Hg,hcp,-0.189238605781302,4.29663061278091e-05,31.770399287298694,0.0276990135955582,7.435332388436906,0.3203492068895467,4.82986947211358,1.2135032535986
VASP,PBE,Nb,bcc,-10.0929601784729,3.17555620730291e-05,18.3386444918068,0.00156016349922664,173.50853060102304,0.4211160043002542,3.86881137728453,0.263016585647878
VASP,PBE,Rh,bcc,-6.9214825508488,7.41463395751266e-05,14.4029610554476,0.00114174311389214,234.672624689942,1.14062197055973,5.1386918804065305,0.140304140872986
VASP,PBE,Y,fcc,-6.4073206355582,4.27910508376377e-05,32.315763374248,0.009001646791123741,39.5484166065912,0.34622136536433845,2.8290204216897004,0.8255513163302021
VASP,PBE,Cd,hcp,-0.745853743857287,5.129175929064079e-05,23.0011975385923,0.00992932102988481,43.47860066755685,0.5514981770250339,7.712304685297671,1.43461550688018
VASP,PBE,Au,fcc,-3.22035029588682,2.4088207927241103e-05,17.947358108397,0.00146050805468305,139.47815838952215,0.3234050361838844,6.8098948378166115,0.2845461521894509
VASP,PBE,Hf,fcc,-9.88391498442798,3.31463552884439e-05,22.2885167350734,0.00272368221944082,108.27244698660864,0.3787424857824241,3.287623070178629,0.382785559276836
VASP,PBE,Ru,bcc,-8.62600253919725,4.79634646160337e-05,14.119838407046899,0.00145266897161596,283.929565101124,0.8504024383597412,4.8824963918974005,0.317383617400495
VASP,PBE,Hf,bcc,-9.77765690979336,2.7510004256527198e-05,22.0261587150777,0.00219530071941265,105.88851904274405,0.3026736143134183,3.17396282388968,0.305413449601477
VASP,PBE,Cd,fcc,-0.7397248252893721,4.11115058751301e-05,22.972627865608395,0.0056614700941663215,41.95293864532718,0.6092946025119663,4.899826554141598,0.8359115552844889
VASP,PBE,Zn,bcc,-1.02358080695987,2.4255676855115e-05,15.4349008807791,0.00306188989614709,64.78471965812571,0.4040831138471836,5.02751786061808,0.618827985846993
VASP,PBE,Fe,hcp,-8.153656599369349,4.413719439277029e-05,10.1715714991582,0.00128541626320683,289.26536813271485,1.0519531745815471,4.51276573018658,0.38962039233710105
VASP,PBE,Zr,hcp,-8.51957141687905,0.00022184858307894702,23.4554534667935,0.0142869388923307,90.73904110967956,2.378250277738461,0.00212407357424665,1.55764783387685
VASP,PBE,Ta,bcc,-11.8617708635972,0.00021008450671086598,18.1140066071752,0.00901473565912341,206.36295921319,3.2445326686841205,3.81229933783564,1.76050160904587
VASP,PBE,Co,hcp,-6.81920756067441,1.81458892978424e-05,10.2868110776136,0.000309955948838973,252.06472730496918,0.3776735217038439,4.83113384886425,0.0531232612566197
VASP,PBE,Hg,bcc,-0.180784797472631,9.631310909685807e-06,29.7942597628485,0.00965228500168862,7.800689076342508,0.18646189045926867,12.7013942993752,0.86087521979318
VASP,PBE,Ti,bcc,-7.661576011628539,2.92396415019677e-05,16.9522078435153,0.0021894197116066197,111.76519522074024,0.41849100481722107,3.3143007618937497,0.39412860158266105
VASP,PBE,Cr,fcc,-9.09155938351515,1.56095733160753e-05,11.7398591024227,0.000551078358103337,241.79019957784598,0.31951259651229275,4.28805228571125,0.14573944140701198
VASP,PBE,Al,fcc,-3.74599080453673,3.13163823572601e-05,16.4826196882177,0.003418661585577,77.72762144838143,0.4613242238835182,4.7597928167622685,0.6501212973216229
VASP,PBE,Mo,hcp,-10.5054129777742,3.4417740994425107e-05,15.991375379280901,0.0012016789274499802,248.2369526074117,0.5329894734572006,4.1844642296931,0.235660354050273
VASP,PBE,W,bcc,-13.0196962553036,2.0928543675866893e-05,15.9551419191538,0.000582192298647976,313.7207470475618,0.3269470244429053,4.21792734551866,0.114197764324866
VASP,PBE,Cr,hcp,-9.0833109615013,1.34514750584679e-05,11.774918652597199,0.000479834535543448,240.10197303449883,0.2754737590682326,4.25742232489644,0.127573457234148
VASP,PBE,Nb,fcc,-9.771195675024261,2.8709931150226002e-05,18.954691892632,0.00146196189619974,166.86257626900885,0.3758775008394742,3.87209876912969,0.239270858579588
VASP,PBE,Hg,fcc,-0.175422786791564,3.90396568337549e-06,32.9141814346737,0.00461191875965859,7.831687217888045,0.036745388924686435,-0.0269891218503589,0.0606468960449436
VASP,PBE,Ni,fcc,-5.467166424014749,1.9193812651272e-05,10.881503071840699,0.00083240231049673,195.96322748487916,0.42776600166782136,4.876912691502009,0.236961441727648
VASP,PBE,Cu,hcp,-3.71992235119535,5.1216505904640505e-05,12.0249425192452,0.00317672358620825,136.02460531712453,1.0325578304381915,4.68085855117294,0.8207186805976601
VASP,PBE,Ni,hcp,-10.7679820543557,8.86520515854497e-05,21.703682924061305,0.00381216217851206,198.53052822825225,0.9918376785444932,4.881966636296991,0.5454847263560251
VASP,PBE,Sc,fcc,-6.154248480089719,1.00691716768553e-05,24.195222725736198,0.0015628322176262802,54.85026373849689,0.10098784105120884,3.34992978569382,0.20462017023532
VASP,PBE,Zr,fcc,-8.4812106914801,1.01195172628991e-05,23.2043607158819,0.000958644806721485,90.52827438035078,0.11163799195844848,3.33941464484957,0.133811582569423
VASP,PBE,Tc,bcc,-10.1244446864554,4.04403092787775e-05,14.4574615027666,0.0011668210560552199,298.78430004542474,0.7148023730685605,4.5583373316723295,0.249135982096368
VASP,PBE,V,bcc,-8.9407856530901,1.19527963578927e-05,13.209022839154,0.00053792353994228,187.57455535436765,0.2198177632247913,3.81011549287269,0.125046120976594
VASP,PBE,Al,hcp,-3.713864307731201,3.06670843505361e-05,16.635154634644998,0.00338219341467921,75.05816228514658,0.4653820657321137,4.33504583753194,0.6201476722983299
VASP,PBE,Re,bcc,-12.109060076061699,3.2785058483305606e-05,15.071072324060099,0.000779110645668097,362.37889010451073,0.5490634596550646,4.5910539353580315,0.159643866288835
VASP,PBE,Ag,fcc,-2.71753105124569,1.30108361733925e-05,17.8264640400131,0.00120976769978949,90.39483588089729,0.17813551172574474,6.47317645238713,0.23322395728942896
VASP,PBE,Mo,fcc,-10.519652524731901,2.17681767695477e-05,15.908502643995199,0.000762947079090175,249.32041488663455,0.34408259318390505,4.15744271863697,0.150986241386951
VASP,PBE,Ir,hcp,-8.77514187952606,6.87224178120951e-05,14.5846824290079,0.000913422096602858,345.8355146217796,1.154714084349658,5.13197210818236,0.13367844374865198
VASP,PBE,Al,bcc,-3.6503810554031606,1.87055318014438e-05,16.9139300495575,0.0023022307128076,68.82347615221408,0.2691096299120393,4.49759681747225,0.428790776960126
VASP,PBE,Fe,bcc,-8.2371345196097,2.02365075547843e-05,11.3550811321832,0.000916902612538784,189.15691797187358,0.4383788831212096,5.5119586642501295,0.261000998622763
VASP,PBE,Cu,bcc,-3.69266556290634,4.52658420462695e-06,12.060870626235499,0.00028318699199668797,135.87316205876056,0.09226287795958517,5.059529238111571,0.0737971528207926
VASP,PBE,Au,hcp,-3.21492759344894,3.094832209729069e-05,17.9816765615794,0.00192897957695038,138.33759555952443,0.4337929310868802,6.13688060032341,0.35189853442986696
VASP,PBE,Zr,bcc,-8.43594755035274,3.83020907818004e-05,22.8253296636201,0.0037000778425705103,87.54227122016194,0.4154026505395443,3.08601567833063,0.502089747241679
VASP,PBE,Nb,hcp,-9.796873301345089,3.87614450783512e-05,18.8761501347612,0.0019995761878094107,165.16715155025025,0.5014119008617718,3.93520744260346,0.33774981073137395
VASP,PBE,Ru,fcc,-9.138643137034698,7.12024596366758e-05,13.731978286195499,0.00192757772096462,308.940663340864,1.2472999986692934,4.37394352146831,0.4312728052741379
VASP,PBE,Ru,hcp,-9.25315181924447,4.70782724930494e-05,13.6625884213139,0.000638445139015694,315.53570115772135,0.8266781886487443,4.89767622109805,0.0932631013839519
VASP,PBE,Cr,bcc,-9.48600730342901,5.175341863376731e-06,11.399530511851802,0.000169086183574028,262.3207042720014,0.10968174277207048,4.3106078003147985,0.0462081433999306
VASP,PBE,Ag,bcc,-2.68653284992975,5.77612940227375e-06,17.970228923672,0.000560858964551419,87.77517450639454,0.07857354834693865,5.75031453699944,0.10033687369915198
VASP,PBE,Fe,fcc,-8.07484187364729,2.5687997152417803e-05,10.2299286896909,0.000769288088719825,284.96506450353735,0.6038063697429512,4.72733902698661,0.233750017902372
VASP,PBE,Pd,fcc,-5.21566580042897,3.7321588377280203e-05,15.296200478343,0.0018078881149084399,168.44388886324836,0.594668072741708,5.002168224554191,0.362160933224076
VASP,PBE,Rh,hcp,-7.23876113884479,4.76375162121234e-05,14.034127637350199,0.000689846195523587,255.49027764265847,0.7635414050740407,5.19191553593029,0.0884140107969938
VASP,PBE,Os,fcc,-11.112265664500502,5.727085712465142e-05,14.3318218973134,0.00122063525264864,399.5939323752147,1.0137194258727618,4.87965132203017,0.26251000887270604
VASP,PBE,Os,hcp,-11.2500494074756,8.86375860152152e-05,14.276729945134699,0.00103291828212116,406.56808751290185,1.5391742173788798,4.6254822170021,0.152602966107126
VASP,PBE,Tc,fcc,-10.3034251527141,5.65686162685697e-05,14.373813210378303,0.00164550840048563,303.1645638597136,0.9895575098370564,4.48468966298752,0.35940237475700393
VASP,PBE,Re,hcp,-12.426398313179,5.539457728406711e-05,14.9335810669344,0.00126730333819449,371.8610242509292,0.895040736319923,4.54531573227927,0.2666881195855369
VASP,PBE,W,fcc,-12.5272787700408,2.70817080753529e-05,16.278015148361,0.000786581706715253,293.556536025866,0.401751745878404,4.05876226059793,0.149005464306146
VASP,PBE,Mn,fcc,-8.897071481914999,1.59179487423974e-05,10.677130161296901,0.000480923762455529,282.3332848734058,0.3586606934313742,4.53911506918304,0.139966430664632
VASP,PBE,Y,bcc,-6.30806113268975,2.52927237078102e-05,32.889834151045,0.0054010548113250295,38.69000786148555,0.191624225972102,2.42935518434466,0.499043971912963
VASP,PBE,Zn,hcp,-1.10725443820987,3.21550948125037e-05,15.2972821761987,0.0036620419763630702,75.72187254414726,0.5525896219464552,5.5755074089392185,0.7373737424373961
VASP,PBE,Ag,hcp,-2.71372928227723,5.11992093048757e-05,17.8700181095079,0.00480573564395515,89.4390578829687,0.6941009025579834,5.2532477582304296,0.8358912447687009
VASP,PBE,Pd,bcc,-5.17229576258484,3.50077738932287e-05,15.418772466010001,0.000701730377665368,165.04668018367613,0.4598535727289304,5.3212752146107904,0.0638474639082293
VASP,PBE,Ni,bcc,-5.3575654601367,1.71255617249985e-05,10.879313167478001,0.000278544199551188,196.72689879888932,0.3035669107437157,4.88591708318467,0.033246916282146
VASP,PBE,Zn,fcc,-1.0848998133559,3.55154095676044e-05,15.2235209457277,0.00429883949159697,69.25540021297552,0.5720330237462862,5.48165809066425,0.904156313629082
VASP,PBE,Tc,hcp,-10.3750174061624,5.35827469253742e-05,14.3063421242036,0.000775059045316465,303.76726898487146,0.9232212208675298,4.4347461928083485,0.109123163898013
VASP,PBE,Cd,bcc,-0.6905530139166701,2.41120175188926e-05,23.545062433790306,0.00428115076403542,35.5254799949914,0.3793910922986834,6.3573687516081785,0.664205783031433
VASP,PBE,Au,bcc,-3.2000275143143906,4.94781579505228e-06,18.014362156292894,0.00013995064274295902,136.7344885837834,0.06369296250068779,5.984266830858692,0.0136129467006457
VASP,PBE,Sc,hcp,-6.20187113568143,9.68909020625641e-06,24.1975403491232,0.0012551856259189998,57.995010826710974,0.09773997379583636,2.50921243759601,0.154057531994928
VASP,PBE,Pd,hcp,-5.18357964066329,6.619615691318771e-05,15.368524676728402,0.00129311214690278,166.22895140994237,0.8623363331772979,5.51282264449782,0.119439783257176
VASP,PBE,Rh,fcc,-7.27604766135226,0.00010608393208507,13.981436107211099,0.0034646730623645893,257.8510925786383,1.8432016626391905,5.2023021986691385,0.764977213529491
VASP,PBE,Sc,bcc,-6.09855847679919,2.7626347722477002e-05,24.382647115609497,0.00403976067687533,56.533369679104084,0.27525775528553226,3.08157832099657,0.502157031707235
VASP,PBE,W,hcp,-12.511515236910801,2.5639555552725893e-05,16.353107093986,0.0007499553686752121,291.5913103221634,0.3817538897887253,4.16129590058217,0.141976005876799
VASP,PBE,Ta,hcp,-11.576019158053803,3.91061531675212e-05,18.5731171368927,0.00170359818576343,195.61725226921132,0.5109587394121484,3.8300695946894106,0.291745840193848
VASP,LDA,Fe,bcc,-8.979124490770921,3.17672439169709e-05,9.79421950707063,0.0008289830369252268,327.6265594981617,0.8292775133135664,4.559497490182991,0.260488155006156
VASP,LDA,V,bcc,-9.95693172009729,1.3912291503828198e-05,12.3426155865225,0.000549352434188151,216.30229391685927,0.2737395053916768,3.76619975263107,0.140027257980511
VASP,LDA,Au,fcc,-4.44509894721075,2.74836111732651e-05,16.6252400478759,0.0012109168800370199,192.91622936425412,0.39879717981684426,6.4278149753640905,0.251033364249861
VASP,LDA,Ag,fcc,-3.78202948411313,1.7580764650913098e-05,16.0336411034473,0.0010795357881404901,137.788133744952,0.2660502563208716,6.2135230862018505,0.22904475298441496
VASP,LDA,Ir,fcc,-10.3254507269145,0.00010663352862111701,13.927565646145801,0.00224726154322548,404.306111649665,1.8551971474423317,5.04824633513304,0.5004382276956579
VASP,LDA,Mo,bcc,-12.214517668598402,1.01445348976213e-05,14.9791765785777,0.00028698732816940896,302.141221801005,0.16413104791525718,4.228011888380831,0.0601888457065402
VASP,LDA,Al,fcc,-4.19171506243075,2.18437897090999e-05,15.8144939944217,0.00220110359237294,84.25864625560615,0.3386450789892034,4.5892017502354,0.430703775880722
VASP,LDA,Ta,bcc,-12.893406324015698,2.3252554954123e-05,17.135018757389,0.000894805771823498,222.02167507866574,0.3342722354790231,3.5667437982533,0.160391339479629
VASP,LDA,Cr,bcc,-10.6317644264459,1.9867028332663894e-05,10.7346266672016,0.000557920638538367,307.37870370729536,0.4649187332290564,4.15802140575895,0.159026637039728
VASP,LDA,Rh,fcc,-8.70940491271281,9.17200473414846e-06,13.2014660011609,0.00024623853049510696,318.74972804667203,0.16863780112202897,5.116086758335411,0.0583371588563817
VASP,LDA,Nb,bcc,-11.152062545229398,3.7208753362435213e-05,17.391255281184403,0.00162312071140295,195.42691577578327,0.5181678890358723,3.7724578418878094,0.287521641815286
VASP,LDA,Pd,fcc,-6.49375606673532,3.44211696836368e-05,14.1691763390273,0.00115063449230787,226.5795727632429,0.5950366063431541,3.91300014462723,0.239320387166632
VASP,LDA,W,bcc,-14.207587020782402,1.9450955040712602e-05,15.3169318247491,0.000485137465484836,344.6517729825499,0.3156994746062629,4.1299994782635485,0.0976087841332466
VASP,LDA,Cu,fcc,-4.70782557713361,2.3239519701024696e-05,10.9395172328408,0.00106835474011152,184.58190493008,0.5077816767802495,5.634499997692831,0.337148861393334
VASP,LDA,Ni,fcc,-6.540919965141269,4.22060566637138e-05,9.97642961619976,0.00140128267968804,256.434775754574,1.0293191715310157,4.89259132748533,0.44337371552497296
DMol3,PBE,Mn,fcc,-3315.8446620184995,1.32980865892487e-05,10.793437787191401,0.000135105960249995,264.1317253733974,0.040222579639175984,4.4908444384556,0.00495079748848443
DMol3,PBE,Rh,bcc,-3912.38200321301,3.2960041285223e-05,14.7383857949347,0.00042657650949841803,219.8568558514636,0.07463606235615157,5.20549959052984,0.011384078017961
DMol3,PBE,V,fcc,-3912.38200321301,3.2960041285223e-05,14.7383857949347,0.00042657650949841803,219.8568558514636,0.07463606235615157,5.20549959052984,0.011384078017961
DMol3,PBE,Nb,fcc,-2253.85045732491,4.89615114725643e-05,18.8798198775638,0.0008640900572171402,164.25054966753643,0.08249963941248176,4.24462460793502,0.0176271477919516
DMol3,PBE,Zr,hcp,-1945.38404499195,3.81366058245269e-05,23.7878566545292,0.00129864895781397,91.05712870911856,0.05241306018448763,2.9185624942443105,0.0201215402708594
DMol3,PBE,Ti,hcp,-1939.1025435324304,1.50271228620254e-05,17.4723254280949,0.000366244871333423,108.7641181040996,0.024081208885773614,3.11846562553661,0.00771191728868267
DMol3,PBE,Mo,bcc,-2600.79634166084,2.8571750469962603e-05,16.002628909941198,0.000320781307527015,255.19663245254412,0.058424420143904074,4.56840616359829,0.007777899696529041
DMol3,PBE,V,bcc,-2345.07851077281,7.77086191274619e-05,13.4443597457976,0.0010082268234269801,178.08858922462787,0.25407168669316155,5.07542144027896,0.0326176588909867
DMol3,PBE,Au,bcc,-5761.094536023671,1.35738329363282e-05,18.497094126728,0.000307917565536631,124.44428711071389,0.024049372525751005,5.9209911668109,0.006510207639338511
DMol3,PBE,Al,bcc,-6594.90887381451,2.11931250767554e-05,16.9681562929492,0.0008215935133415058,68.34430736082028,0.039301497633939066,4.16425682914092,0.0188560736459512
DMol3,PBE,Pt,bcc,-5317.220866423971,2.8610999740388597e-05,16.1402271079095,0.000368266396663835,224.66849965178886,0.05833857543773181,5.48397331631657,0.00888289236887224
DMol3,PBE,Ir,bcc,-4843.32788419009,5.9191207816885204e-05,15.2783096991419,0.000563767320637069,293.8085741886152,0.1255967888860362,5.19509264655416,0.0143305164280164
DMol3,PBE,Mn,bcc,-3315.8357783769397,7.016458521188721e-05,10.8679952468398,0.000780713111261713,252.4529732126521,0.20964468695539712,5.01832401041154,0.0281738414560162
DMol3,PBE,Ag,fcc,-5029.36195370899,1.03549289398861e-05,18.3616503097506,0.000361074148507398,81.07576695161575,0.018469025004026904,5.742480067760591,0.007724586758306571
DMol3,PBE,Nb,bcc,-2254.17823698573,9.075990080030943e-05,18.2348911501112,0.00136153690978197,172.70156212440207,0.18885992320480155,3.48224455878551,0.0295398268980864
DMol3,PBE,Ni,bcc,-5266.95016465511,0.000191229774579323,11.1200232717717,0.002927042725885,177.77063928918673,0.6124844461747458,4.57135647869662,0.110147036755116
DMol3,PBE,Cr,fcc,-2810.6336149045396,1.93571242946773e-05,11.8081802426504,0.000234942073431781,240.8525835953777,0.052929140629159606,4.25837749275175,0.007612797080775491
DMol3,PBE,Mo,fcc,-2600.3801909527397,2.16534485770806e-05,16.1693794636617,0.000258480233687246,238.51673752601752,0.04361181500916872,4.32970137843908,0.00629162059290791
DMol3,PBE,Au,fcc,-5761.11605300778,1.4369178506425198e-05,18.414443078556896,0.000314749918670172,126.17094533056677,0.024937772939407583,5.963196280365209,0.0066963369229746895
DMol3,PBE,Tc,hcp,-2993.82473408229,2.8159067555890504e-05,14.720365208774801,0.000264803868216624,289.77272385277587,0.07543233817420282,4.609843377075281,0.00710454787952805
DMol3,PBE,Ru,hcp,-3429.3185977922303,1.56373150761377e-05,14.073415992091599,0.000149369223295288,295.44133220810903,0.0406426884930447,4.89125934033558,0.004073861972820471
DMol3,PBE,Ta,fcc,-3480.9067950710496,7.38535137892641e-05,19.1211492717908,0.0011489254678847599,184.57728764486595,0.12438164908519235,3.91395502339496,0.0231362516287256
DMol3,PBE,Al,fcc,-6595.014109300021,2.9256894963078106e-05,16.459302692427197,0.00131951865445823,78.9401179142856,0.0732667499060658,5.04281495869144,0.0327040360808833
DMol3,PBE,Cr,bcc,-2811.0657889539,3.5599097769640795e-05,11.575507936344199,0.000401427975012146,253.1168443093869,0.09931798927773283,3.37018587298616,0.013273393663828
DMol3,PBE,Fe,fcc,-3898.85014584543,0.0007611387942639678,10.643440915803199,0.0197111694850458,113.79961889683584,5.240697674529269,23.472862708243,0.464329276824808
DMol3,PBE,Sc,hcp,-1584.5141393626998,3.85990087719717e-05,25.0122592058321,0.00200124157368592,57.10581815979638,0.05558306581902174,2.42622841043438,0.0286471960281059
DMol3,PBE,W,fcc,-3740.5720607556095,3.42829398279821e-05,16.5745429811411,0.000342785520595361,280.4155918443732,0.06518309176214647,4.01184835926235,0.007968653732217041
DMol3,PBE,W,bcc,-3741.1647017354,2.33308422539569e-05,16.2826608395374,0.000207404534256052,305.61438360154665,0.044774364666204935,4.06423025138874,0.00491215671037551
DMol3,PBE,Ir,fcc,-4843.973483867079,5.49340280301382e-05,14.6733036584797,0.000439248431584497,336.5975589300461,0.1221170222076013,5.26849186090334,0.0118904007551367
DMol3,PBE,Ta,bcc,-3481.3246665808397,0.000114548129434905,18.3240697143345,0.00134115195318362,208.703634837783,0.25036323862675514,3.67092425678998,0.0294371098282424
DMol3,PBE,Pt,fcc,-5317.28384942101,4.4992564927117895e-05,15.923674269212697,0.000558222397661731,231.87147169389385,0.09406079884004448,5.53696033022041,0.0136946038141506
DMol3,PBE,Zn,hcp,-6923.0798034336085,2.86040671473107e-05,15.438736622774801,0.00129508435363383,67.00838466378086,0.06125971866080175,5.16947375855908,0.0314523435708256
DMol3,PBE,Cu,bcc,-6055.6464280497985,2.61420980468557e-05,12.182323239985699,0.0005509825960027558,128.19375816431378,0.07067223654376667,4.716554185921138,0.0178799625124578
DMol3,PBE,Y,hcp,-1635.44250736519,2.45647056863073e-05,33.1228505013558,0.00191941016960452,39.500944045028135,0.0246797249036542,2.90576228593284,0.0213818576197277
DMol3,PBE,Pd,fcc,-4446.33569239808,1.84001952520781e-05,15.646595044870601,0.000335152986064779,157.50871116964657,0.03920114525550506,5.584458655703981,0.00844960854143529
DMol3,PBE,Pd,bcc,-4446.29228494188,1.34659856739834e-05,15.790763880226601,0.00021802735787838999,152.71921652542446,0.02474577747986792,5.5451936178913295,0.0054101179630282395
DMol3,PBE,Ag,bcc,-5029.32437027181,2.0680955155988e-05,18.5205222481157,0.000740513594744463,78.45201090118516,0.03699271184871798,5.7323448903372896,0.0158297163719893
DMol3,PBE,Rh,fcc,-3912.73207063276,6.05744181445897e-05,14.2993167840454,0.0006588179201129,244.2914191960342,0.19645145750976892,5.23389852591983,0.0188856411797143
DMol3,LDA,V,bcc,-2345.07851077281,7.77086191274619e-05,13.4443597457976,0.0010082268234269801,178.08858922462787,0.25407168669316155,5.07542144027896,0.0326176588909867
DMol3,LDA,Ag,fcc,-5029.36195370899,1.03549289398861e-05,18.3616503097506,0.000361074148507398,81.07576695161575,0.018469025004026904,5.742480067760591,0.007724586758306571
DMol3,LDA,Rh,fcc,-3912.73207063276,6.05744181445897e-05,14.2993167840454,0.0006588179201129,244.2914191960342,0.19645145750976892,5.23389852591983,0.0188856411797143
DMol3,LDA,Zn,hcp,-6923.07980480298,2.8157873660366804e-05,104.18647940294599,0.00878688155575214,9.928765788385745,0.009328832683157477,5.166371295105719,0.0312235943110778
DMol3,LDA,Cr,bcc,-2811.0657889539,3.5599097769640795e-05,11.575507936344199,0.000401427975012146,253.1168443093869,0.09931798927773283,3.37018587298616,0.013273393663828
DMol3,LDA,Ti,hcp,-1939.10254411565,1.28504512365159e-05,117.90949417969802,0.00245835029449317,16.116978294907568,0.003549054373466669,3.118043354056,0.007654627276211121
DMol3,LDA,Pt,fcc,-5317.28384942101,4.4992564927117895e-05,15.923674269212697,0.000558222397661731,231.87147169389385,0.09406079884004448,5.53696033022041,0.0136946038141506
DMol3,LDA,Sc,hcp,-1584.51413687803,3.95494819477873e-05,168.791668745204,0.0135773346319836,8.460995772650794,0.008281543811113895,2.42617316007279,0.0289977437794752
DMol3,LDA,Pd,fcc,-4446.33569239808,1.84001952520781e-05,15.646595044870601,0.000335152986064779,157.50871116964657,0.03920114525550506,5.584458655703981,0.00844960854143529
DMol3,LDA,Nb,bcc,-2254.17823698573,9.075990080030943e-05,18.2348911501112,0.00136153690978197,172.70156212440207,0.18885992320480155,3.48224455878551,0.0295398268980864
DMol3,LDA,Al,fcc,-6595.014109300021,2.9256894963078106e-05,16.459302692427197,0.00131951865445823,78.9401179142856,0.0732667499060658,5.04281495869144,0.0327040360808833
DMol3,LDA,Y,hcp,-1635.44251042603,2.45337262968005e-05,223.525029982559,0.0128224902167251,5.853242363351985,0.0036919379476647108,2.9033083075291,0.0210771643894022
DMol3,LDA,Mn,bcc,-3315.8357783769397,7.016458521188721e-05,10.8679952468398,0.000780713111261713,252.4529732126521,0.20964468695539712,5.01832401041154,0.0281738414560162
DMol3,LDA,Mo,bcc,-2600.79634166084,2.8571750469962603e-05,16.002628909941198,0.000320781307527015,255.19663245254412,0.058424420143904074,4.56840616359829,0.007777899696529041
DMol3,LDA,Ru,hcp,-3429.31859978614,1.60246147368721e-05,94.9721456852305,0.00101408915972315,43.780919722068205,0.0061600376434291435,4.89132917033913,0.00410070641708729
DMol3,LDA,W,bcc,-3741.1647017354,2.33308422539569e-05,16.2826608395374,0.000207404534256052,305.61438360154665,0.044774364666204935,4.06423025138874,0.00491215671037551
DMol3,LDA,Ir,fcc,-4843.973483867079,5.49340280301382e-05,14.6733036584797,0.000439248431584497,336.5975589300461,0.1221170222076013,5.26849186090334,0.0118904007551367
DMol3,LDA,Tc,hcp,-2993.82473277114,2.83084826359698e-05,99.3381455881649,0.0018093321032469,42.939050332743,0.011117410551273231,4.60978872564828,0.00701886963211821
DMol3,LDA,Ta,bcc,-3481.3246665808397,0.000114548129434905,18.3240697143345,0.00134115195318362,208.703634837783,0.25036323862675514,3.67092425678998,0.0294371098282424
DMol3,LDA,Zr,hcp,-1945.38404805384,3.880968789815711e-05,160.528376055211,0.008791934569343341,13.493776502821474,0.0077869079475820936,2.91862364939666,0.0199670926762249
DMol3,LDA,Au,fcc,-5761.11605300778,1.4369178506425198e-05,18.414443078556896,0.000314749918670172,126.17094533056677,0.024937772939407583,5.963196280365209,0.0066963369229746895
